<?xml version="1.0" encoding="utf-8"?>
<extension type="module" version="3.1" client="site" method="upgrade">
	<name>mod_articles_categories</name>
	<author>Joomla! Project</author>
	<creationDate>February 2010</creationDate>
	<copyright>Copyright (C) 2005 - 2018 Open Source Matters. All rights reserved.</copyright>
	<license>GNU General Public License version 2 or later; see LICENSE.txt</license>
	<authorEmail>admin@joomla.org</authorEmail>
	<authorUrl>www.joomla.org</authorUrl>
	<version>3.0.0</version>
	<description>MOD_ARTICLES_CATEGORIES_XML_DESCRIPTION</description>
	<files>
		<filename module="mod_articles_categories">mod_articles_categories.php</filename>
		<folder>tmpl</folder>
		<filename>helper.php</filename>
	</files>
	<languages>
		<language tag="en-GB">en-GB.mod_articles_categories.ini</language>
		<language tag="en-GB">en-GB.mod_articles_categories.sys.ini</language>
	</languages>
	<help key="JHELP_EXTENSIONS_MODULE_MANAGER_ARTICLES_CATEGORIES" />
	<config>
		<fields name="params">
			<fieldset name="basic"
				addfieldpath="/administrator/components/com_categories/models/fields"
			>

				<field
					name="desc"
					type="textarea"
					label="MOD_MODULES_FIELD_DESC_LABEL"
					description="MOD_MODULES_FIELD_DESC_DESC"
					rows="3"
				/>

				<field
					name="parent"
					type="modal_category"
					label="MOD_ARTICLES_CATEGORIES_FIELD_PARENT_LABEL"
					description="MOD_ARTICLES_CATEGORIES_FIELD_PARENT_DESC"
					extension="com_content"
					filter="integer"
					published=""
					required="true"
					select="true"
					new="true"
					edit="true"
					clear="true"
				/>

				<field
					name="show_description"
					type="radio"
					label="MOD_ARTICLES_CATEGORIES_FIELD_SHOW_DESCRIPTION_LABEL"
					description="MOD_ARTICLES_CATEGORIES_FIELD_SHOW_DESCRIPTION_DESC"
					class="btn-group btn-group-yesno"
					default="0"
					filter="integer"
					>
					<option value="1">JYES</option>
					<option value="0">JNO</option>
				</field>

				<field
					name="numitems"
					type="radio"
					label="MOD_ARTICLES_CATEGORIES_FIELD_NUMITEMS_LABEL"
					description="MOD_ARTICLES_CATEGORIES_FIELD_NUMITEMS_DESC"
					class="btn-group btn-group-yesno"
					default="0"
					filter="integer"
					>
					<option value="1">JYES</option>
					<option value="0">JNO</option>
				</field>

				<field
					name="show_children"
					type="radio"
					label="MOD_ARTICLES_CATEGORIES_FIELD_SHOW_CHILDREN_LABEL"
					description="MOD_ARTICLES_CATEGORIES_FIELD_SHOW_CHILDREN_DESC"
					class="btn-group btn-group-yesno"
					default="0"
					filter="integer"
					>
					<option value="1">JYES</option>
					<option value="0">JNO</option>
				</field>

				<field
					name="count"
					type="list"
					label="MOD_ARTICLES_CATEGORIES_FIELD_COUNT_LABEL"
					description="MOD_ARTICLES_CATEGORIES_FIELD_COUNT_DESC"
					default="0"
					filter="integer"
					>
					<option value="0">JALL</option>
					<option value="1">J1</option>
					<option value="2">J2</option>
					<option value="3">J3</option>
					<option value="4">J4</option>
					<option value="5">J5</option>
					<option value="6">J6</option>
					<option value="7">J7</option>
					<option value="8">J8</option>
					<option value="9">J9</option>
					<option value="10">J10</option>
				</field>

				<field
					name="maxlevel"
					type="list"
					label="MOD_ARTICLES_CATEGORIES_FIELD_MAXLEVEL_LABEL"
					description="MOD_ARTICLES_CATEGORIES_FIELD_MAXLEVEL_DESC"
					default="0"
					filter="integer"
					>
					<option value="0">JALL</option>
					<option value="1">J1</option>
					<option value="2">J2</option>
					<option value="3">J3</option>
					<option value="4">J4</option>
					<option value="5">J5</option>
					<option value="6">J6</option>
					<option value="7">J7</option>
					<option value="8">J8</option>
					<option value="9">J9</option>
					<option value="10">J10</option>
				</field>
			</fieldset>

			<fieldset name="advanced">
				<field
					name="layout"
					type="modulelayout"
					label="JFIELD_ALT_LAYOUT_LABEL"
					description="JFIELD_ALT_MODULE_LAYOUT_DESC"
				/>

				<field
					name="item_heading"
					type="list"
					label="MOD_ARTICLES_CATEGORIES_TITLE_HEADING_LABEL"
					description="MOD_ARTICLES_CATEGORIES_TITLE_HEADING_DESC"
					default="4"
					filter="integer"
					>
					<option value="1">JH1</option>
					<option value="2">JH2</option>
					<option value="3">JH3</option>
					<option value="4">JH4</option>
					<option value="5">JH5</option>
				</field>

				<field
					name="moduleclass_sfx"
					type="textarea"
					label="COM_MODULES_FIELD_MODULECLASS_SFX_LABEL"
					description="COM_MODULES_FIELD_MODULECLASS_SFX_DESC"
					rows="3"
				/>

				<field
					name="owncache"
					type="list"
					label="COM_MODULES_FIELD_CACHING_LABEL"
					description="COM_MODULES_FIELD_CACHING_DESC"
					default="1"
					filter="integer"
					>
					<option value="1">JGLOBAL_USE_GLOBAL</option>
					<option value="0">COM_MODULES_FIELD_VALUE_NOCACHING</option>
				</field>

				<field
					name="cache_time"
					type="number"
					label="COM_MODULES_FIELD_CACHE_TIME_LABEL"
					description="COM_MODULES_FIELD_CACHE_TIME_DESC"
					default="900"
					filter="integer"
				/>
			</fieldset>
		</fields>
	</config>
</extension>
